Train loss,Val loss
-0.015390119675828361,-0.016337263979844287
-0.01633679019543773,-0.01634329083136592
-0.016339980209582675,-0.016343379139098623
