,Train loss,Val loss
0,0.12926279844885522,0.0069455015085016685
1,0.007333373439244248,0.005940809884729485
2,0.005933442398567091,0.004808736344178517
