Train loss,Val loss
90505.01168009576,89453.39608158231
89470.31349533812,89449.64068327384
89460.92623866201,89444.97861790487
